,combination,sim
699,F5SXURFA TO F96H6I58,0.8976494264996147
91,T4S3K5ZT TO Z56T9MF4,0.8898832101288652
943,HTFNIQDD TO Z56T9MF4,0.7298249290806204
1186,2017_1 TO CZQ57NCZ,0.7294755748855167
72,HTFNIQDD TO T4S3K5ZT,0.7047666426605548
432,2017_9 TO AFWXF8CH,0.6829883254309264
606,8M9FQCNU TO NX42RPT2,0.6766589521993869
1213,56QUJEMP TO Z56T9MF4,0.6623690470218241
476,ABX4R7K5 TO GCGB74CJ,0.6620600188028015
403,56QUJEMP TO 7V9JCFSV,0.6609623964780694
308,2017_6 TO 9895DC6Q,0.6547850394009588
1099,2017_5 TO Z56T9MF4,0.6495129624375405
263,2017_4 TO MXXBE2S3,0.6488568333195069
392,2017_9 TO 7V9JCFSV,0.6461351742504031
80,2017_5 TO T4S3K5ZT,0.6370203963271934
484,2017_10 TO 2017_11,0.6365621829559114
982,356QDHJ7 TO DW9W8Z9I,0.6345668193897094
440,AFWXF8CH TO QVXBKCSS,0.6239481811889104
95,56QUJEMP TO T4S3K5ZT,0.6166667357560907
400,7V9JCFSV TO QVXBKCSS,0.6147278231269473
947,56QUJEMP TO HTFNIQDD,0.6058342884862895
378,7V9JCFSV TO NINP5I8I,0.5961400179169476
1157,2017_9 TO 56QUJEMP,0.5938450016079011
1109,2017_4 TO XGBBFQWX,0.5908217773086955
1154,2017_9 TO QVXBKCSS,0.589353844407146
1177,CZQ57NCZ TO XGBBFQWX,0.5860098496489844
324,ABX4R7K5 TO FQVMU8GU,0.5849068479897924
463,2017_8 TO ABX4R7K5,0.5829779821145852
792,F96H6I58 TO NINP5I8I,0.5746238718746743
765,CDAJEXM8 TO HTFNIQDD,0.5745166098993716
543,2017_10 TO 2017_4,0.573789672806505
375,7V9JCFSV TO F96H6I58,0.5711557787124569
356,FQVMU8GU TO GCGB74CJ,0.5641246268096465
374,7V9JCFSV TO CDAJEXM8,0.5621209712616252
1116,2017_4 TO GQPNFE6B,0.5596111428153249
1014,9T2T3NWW TO XSJ9KCBQ,0.5571510564796539
1027,2017_8 TO GCGB74CJ,0.5555486665473541
926,356QDHJ7 TO HTFNIQDD,0.5488458081742901
702,F5SXURFA TO NINP5I8I,0.5478630537592281
399,7V9JCFSV TO Z56T9MF4,0.5458226818630127
364,7V9JCFSV TO AFWXF8CH,0.5447542163018596
434,AFWXF8CH TO XGBBFQWX,0.5423079305886531
380,7V9JCFSV TO HTFNIQDD,0.540181215701846
241,2017_10 TO MXXBE2S3,0.5374890288729193
925,8M9FQCNU TO HTFNIQDD,0.535468899617345
892,GCGB74CJ TO NINP5I8I,0.5330770415773924
654,2017_1 TO 5G8U33QZ,0.5326677272068044
395,2017_1 TO 7V9JCFSV,0.5324729518356615
932,2017_5 TO HTFNIQDD,0.5309398364798646
946,CZQ57NCZ TO HTFNIQDD,0.5277473741890754
737,356QDHJ7 TO J7SB3TH5,0.5258580377221506
605,HTFNIQDD TO NX42RPT2,0.5230936239452085
365,7V9JCFSV TO ABX4R7K5,0.5228877542753403
787,CDAJEXM8 TO CZQ57NCZ,0.5220043648675665
1170,2017_1 TO XGBBFQWX,0.5191171834942613
438,AFWXF8CH TO SMZ5P2JC,0.5151502554587645
1161,DW9W8Z9I TO H3HIEFKV,0.51478001960151
738,9T2T3NWW TO J7SB3TH5,0.5124425869966023
1115,2017_4 TO QVXBKCSS,0.5091871694332204
619,NX42RPT2 TO XGBBFQWX,0.5091518353762997
824,356QDHJ7 TO SFF232HX,0.5087002786708303
540,2017_10 TO T9IJMSRB,0.5070653954189995
38,4IR7FP3G TO XGBBFQWX,0.5065038178680163
939,2017_1 TO HTFNIQDD,0.5062220931151716
810,F96H6I58 TO H3HIEFKV,0.5060220183579971
781,CDAJEXM8 TO H3HIEFKV,0.5037849334763563
851,356QDHJ7 TO KF3CZPHV,0.500434977615914
1117,2017_4 TO CZQ57NCZ,0.4984905007518572
291,9895DC6Q TO CDAJEXM8,0.4981226116224633
39,2017_1 TO 4IR7FP3G,0.49760235488907056
937,DW9W8Z9I TO HTFNIQDD,0.49728542684903076
817,56QUJEMP TO F96H6I58,0.4972329340466457
1137,2017_1 TO 2017_6,0.497057080160199
749,J7SB3TH5 TO XGBBFQWX,0.49655684178447856
1216,CZQ57NCZ TO QVXBKCSS,0.49622596473117664
372,7V9JCFSV TO F5SXURFA,0.49419010276437314
414,AFWXF8CH TO CDAJEXM8,0.4934470772886399
133,4C8T6PTV TO XGBBFQWX,0.4929653445252363
396,7V9JCFSV TO H3HIEFKV,0.49099217232299286
1176,GQPNFE6B TO XGBBFQWX,0.4906822492223001
1125,2017_7 TO H3HIEFKV,0.49064186390924147
1184,2017_1 TO QVXBKCSS,0.49009812711246115
1103,2017_5 TO 56QUJEMP,0.4893754229002858
1048,VM7EP4IA TO Z56T9MF4,0.4889938126808142
312,2017_1 TO 9895DC6Q,0.48876552927455497
46,4IR7FP3G TO CZQ57NCZ,0.4874070864739839
1056,2017_4 TO T9IJMSRB,0.48526126128513414
1175,QVXBKCSS TO XGBBFQWX,0.48260109503420523
546,2017_10 TO 2017_9,0.4823524279288911
402,7V9JCFSV TO CZQ57NCZ,0.48146197292126425
422,356QDHJ7 TO AFWXF8CH,0.48076289020312846
1148,2017_9 TO XGBBFQWX,0.4805863985287475
1146,2017_6 TO XSJ9KCBQ,0.47943588161653783
822,HTFNIQDD TO SFF232HX,0.4762840445723364
1147,2017_9 TO DW9W8Z9I,0.47615087143696255
1130,2017_7 TO GQPNFE6B,0.47568217396504775
472,ABX4R7K5 TO DW9W8Z9I,0.4756007776105735
779,CDAJEXM8 TO XGBBFQWX,0.47463140103253765
614,2017_4 TO NX42RPT2,0.4743536104312187
1188,2017_1 TO XSJ9KCBQ,0.47418178298388125
442,AFWXF8CH TO CZQ57NCZ,0.4740859948957683
436,AFWXF8CH TO H3HIEFKV,0.4740090061890614
299,356QDHJ7 TO 9895DC6Q,0.47207204265195024
424,2017_8 TO AFWXF8CH,0.47137912485304057
1110,2017_1 TO 2017_4,0.47039765972135883
243,MXXBE2S3 TO NX42RPT2,0.4696825035115507
1171,H3HIEFKV TO XGBBFQWX,0.46906331320637284
1095,2017_1 TO 2017_5,0.46887416168361296
1124,2017_1 TO 2017_7,0.4687060432935026
732,J7SB3TH5 TO KF3CZPHV,0.4685586577224353
393,7V9JCFSV TO DW9W8Z9I,0.46833135147287264
744,2017_4 TO J7SB3TH5,0.4681995960788754
1223,CZQ57NCZ TO XSJ9KCBQ,0.46754563478199673
1045,H3HIEFKV TO VM7EP4IA,0.4665940648400473
474,2017_1 TO ABX4R7K5,0.46568089991637174
128,2017_4 TO 4C8T6PTV,0.46518771698154915
750,2017_1 TO J7SB3TH5,0.4651496759575967
948,HTFNIQDD TO XSJ9KCBQ,0.4648697844954075
620,2017_1 TO NX42RPT2,0.4627082746777177
759,J7SB3TH5 TO XSJ9KCBQ,0.4621233866487551
280,7V9JCFSV TO 9895DC6Q,0.460920808697169
798,2017_8 TO F96H6I58,0.45914692285809355
984,2017_1 TO 356QDHJ7,0.4581162975951052
936,2017_9 TO HTFNIQDD,0.4580446852997979
757,CZQ57NCZ TO J7SB3TH5,0.45793213766167185
720,F5SXURFA TO H3HIEFKV,0.4578916377385821
343,2017_8 TO FQVMU8GU,0.4576357704939735
388,2017_5 TO 7V9JCFSV,0.456234990697018
1134,2017_6 TO 2017_9,0.4558789605811132
985,356QDHJ7 TO H3HIEFKV,0.4516865292010075
1107,2017_4 TO 2017_9,0.45155580641683835
788,56QUJEMP TO CDAJEXM8,0.4513192016674201
972,356QDHJ7 TO 9T2T3NWW,0.45121806750388405
887,2017_9 TO NINP5I8I,0.45075658039534183
777,2017_9 TO CDAJEXM8,0.45048158803866567
276,CZQ57NCZ TO MXXBE2S3,0.4503337736595854
1150,2017_9 TO H3HIEFKV,0.4497454583769285
1131,2017_7 TO CZQ57NCZ,0.44918792084201453
1194,CZQ57NCZ TO H3HIEFKV,0.44860332646140777
962,2017_1 TO 8M9FQCNU,0.4481859471283032
1012,9T2T3NWW TO CZQ57NCZ,0.447971075121936
599,CDAJEXM8 TO NX42RPT2,0.44790349650693606
971,8M9FQCNU TO XSJ9KCBQ,0.44779259936429594
391,2017_6 TO 7V9JCFSV,0.4473316418503981
627,CZQ57NCZ TO NX42RPT2,0.44722544192560143
607,356QDHJ7 TO NX42RPT2,0.4457861821071414
367,2017_10 TO 7V9JCFSV,0.44367302918436713
617,2017_9 TO NX42RPT2,0.4433737843654224
409,AFWXF8CH TO NX42RPT2,0.44297052772601186
621,H3HIEFKV TO NX42RPT2,0.4411423089325017
423,9T2T3NWW TO AFWXF8CH,0.4407235472270945
981,2017_9 TO 356QDHJ7,0.44018755707910584
991,356QDHJ7 TO CZQ57NCZ,0.4391867635491713
1052,56QUJEMP TO VM7EP4IA,0.43894149259032345
1013,56QUJEMP TO 9T2T3NWW,0.43877971454719245
1123,2017_7 TO XGBBFQWX,0.4385819550465321
1037,2017_5 TO VM7EP4IA,0.4383042549595967
1053,VM7EP4IA TO XSJ9KCBQ,0.4382972491950633
940,H3HIEFKV TO HTFNIQDD,0.437885444245371
969,8M9FQCNU TO CZQ57NCZ,0.4369555208557597
1169,DW9W8Z9I TO XSJ9KCBQ,0.43627353056784846
618,DW9W8Z9I TO NX42RPT2,0.435862013952373
385,7V9JCFSV TO VM7EP4IA,0.4354911396193939
895,NINP5I8I TO QVXBKCSS,0.43477908742485216
1209,SMZ5P2JC TO XSJ9KCBQ,0.4347168538641031
847,KF3CZPHV TO NINP5I8I,0.4335998641784937
807,DW9W8Z9I TO F96H6I58,0.43296400269795865
767,356QDHJ7 TO CDAJEXM8,0.4328673389695388
927,9T2T3NWW TO HTFNIQDD,0.4317567281575938
780,2017_1 TO CDAJEXM8,0.4314189331005076
1224,56QUJEMP TO XSJ9KCBQ,0.4313108557975772
397,7V9JCFSV TO GCGB74CJ,0.4310140189598295
993,356QDHJ7 TO XSJ9KCBQ,0.43072441656166394
766,8M9FQCNU TO CDAJEXM8,0.43027701370414695
55,7V9JCFSV TO T4S3K5ZT,0.42985491267280973
609,2017_8 TO NX42RPT2,0.4296594376282249
964,8M9FQCNU TO GCGB74CJ,0.4292143207010086
548,2017_10 TO XGBBFQWX,0.428774389623263
534,2017_10 TO HTFNIQDD,0.42848636686165165
382,356QDHJ7 TO 7V9JCFSV,0.42837827670673445
708,2017_8 TO F5SXURFA,0.42738476922973045
454,ABX4R7K5 TO F96H6I58,0.4266938985338625
960,8M9FQCNU TO DW9W8Z9I,0.42653473671930664
321,9895DC6Q TO XSJ9KCBQ,0.4262765289863887
898,56QUJEMP TO NINP5I8I,0.42567914802170015
944,HTFNIQDD TO QVXBKCSS,0.42548625504148463
288,9895DC6Q TO EWDTT8PI,0.42542392868834034
296,9895DC6Q TO AMDVNRNA,0.42522579960712537
661,5G8U33QZ TO CZQ57NCZ,0.4246800935558781
309,2017_9 TO 9895DC6Q,0.4243998789258445
1068,GQPNFE6B TO T9IJMSRB,0.4243864155403817
1094,2017_5 TO XGBBFQWX,0.4239631666832273
1153,2017_9 TO Z56T9MF4,0.42317885845246994
1005,2017_1 TO 9T2T3NWW,0.42314422550246167
405,ABX4R7K5 TO AFWXF8CH,0.4221922117342328
435,2017_1 TO AFWXF8CH,0.42114288486227813
1142,2017_6 TO QVXBKCSS,0.42078601616821265
774,2017_4 TO CDAJEXM8,0.4197166750021709
44,4IR7FP3G TO QVXBKCSS,0.41954914441642743
1026,2017_8 TO H3HIEFKV,0.41937076845138255
1164,DW9W8Z9I TO Z56T9MF4,0.41915708729120027
334,F96H6I58 TO FQVMU8GU,0.41907809770824334
204,CDAJEXM8 TO UQ4WC79E,0.41905271586448145
615,2017_7 TO NX42RPT2,0.4188571323194037
1023,2017_8 TO DW9W8Z9I,0.417728185180372
938,HTFNIQDD TO XGBBFQWX,0.41748157061858615
479,ABX4R7K5 TO QVXBKCSS,0.4174145200855286
811,F96H6I58 TO GCGB74CJ,0.4164402910849643
389,2017_4 TO 7V9JCFSV,0.41603686114121663
1100,2017_5 TO QVXBKCSS,0.4156494744953678
959,2017_9 TO 8M9FQCNU,0.4140798487852563
784,CDAJEXM8 TO Z56T9MF4,0.4134085814538535
297,9895DC6Q TO HTFNIQDD,0.4133744534591106
1180,2017_1 TO H3HIEFKV,0.41329429514003446
1144,2017_6 TO CZQ57NCZ,0.4132252151966236
1158,2017_9 TO XSJ9KCBQ,0.41312007844328735
963,8M9FQCNU TO H3HIEFKV,0.4129667571736352
420,AFWXF8CH TO HTFNIQDD,0.41220791971674564
457,ABX4R7K5 TO NINP5I8I,0.41205651819864064
306,2017_4 TO 9895DC6Q,0.4113734584930212
1135,2017_6 TO DW9W8Z9I,0.4110717623382112
976,356QDHJ7 TO T8P7HT8E,0.41102206899704496
762,CDAJEXM8 TO KF3CZPHV,0.41005751148697644
319,9895DC6Q TO CZQ57NCZ,0.40965908853207833
735,HTFNIQDD TO J7SB3TH5,0.40902275017500755
1092,2017_5 TO 2017_9,0.4089056011772596
311,9895DC6Q TO XGBBFQWX,0.4088696385767354
528,2017_10 TO CDAJEXM8,0.4084473746417001
1089,2017_4 TO 2017_5,0.4076766103896048
1168,56QUJEMP TO DW9W8Z9I,0.40765448269680793
1,4C8T6PTV TO 4IR7FP3G,0.4072356287403551
1022,2017_8 TO 2017_9,0.4071953853012935
891,H3HIEFKV TO NINP5I8I,0.4071294301436086
1214,XSJ9KCBQ TO Z56T9MF4,0.40709504918794326
1149,2017_1 TO 2017_9,0.40651129910399864
883,2017_5 TO NINP5I8I,0.4062675804930993
871,CZQ57NCZ TO KF3CZPHV,0.40623614594079416
983,356QDHJ7 TO XGBBFQWX,0.4060963506506321
1105,2017_4 TO 2017_7,0.40575430522743416
470,2017_6 TO ABX4R7K5,0.40563606110871686
794,F96H6I58 TO HTFNIQDD,0.40541242163529234
776,2017_6 TO CDAJEXM8,0.40504250610739323
460,8M9FQCNU TO ABX4R7K5,0.405017110056784
282,9895DC6Q TO ABX4R7K5,0.4049682300137857
112,4C8T6PTV TO J7SB3TH5,0.40437868461783444
475,ABX4R7K5 TO H3HIEFKV,0.4034628119901462
1004,9T2T3NWW TO XGBBFQWX,0.40251686527257236
1080,H3HIEFKV TO T8P7HT8E,0.4019699687260947
690,EWDTT8PI TO SMZ5P2JC,0.40163951716537505
849,HTFNIQDD TO KF3CZPHV,0.4011586140060033
281,9895DC6Q TO AFWXF8CH,0.40029928372076184
949,356QDHJ7 TO 8M9FQCNU,0.4000858292223821
989,356QDHJ7 TO QVXBKCSS,0.3999976003890424
721,F5SXURFA TO GCGB74CJ,0.3998775317129677
888,DW9W8Z9I TO NINP5I8I,0.39912431612748067
1102,2017_5 TO CZQ57NCZ,0.39863290052851097
760,CDAJEXM8 TO F96H6I58,0.3983388689038011
727,56QUJEMP TO F5SXURFA,0.39830347121094234
778,CDAJEXM8 TO DW9W8Z9I,0.39784010731217223
315,9895DC6Q TO SMZ5P2JC,0.39765441906817145
530,2017_10 TO SFF232HX,0.39763009257419313
459,ABX4R7K5 TO HTFNIQDD,0.3976232570715379
772,CDAJEXM8 TO T8P7HT8E,0.3975317843056059
462,9T2T3NWW TO ABX4R7K5,0.3967897141079828
237,7V9JCFSV TO MXXBE2S3,0.3964609639308261
268,MXXBE2S3 TO XGBBFQWX,0.3963479872106872
629,NX42RPT2 TO XSJ9KCBQ,0.39528535745652227
929,HTFNIQDD TO VM7EP4IA,0.3947842764446746
433,AFWXF8CH TO DW9W8Z9I,0.394587868263106
1010,9T2T3NWW TO QVXBKCSS,0.39381917303944736
453,ABX4R7K5 TO CDAJEXM8,0.39331833703159025
450,ABX4R7K5 TO EWDTT8PI,0.3931238830530799
407,2017_10 TO AFWXF8CH,0.3929930394694958
352,DW9W8Z9I TO FQVMU8GU,0.3928813872590773
381,7V9JCFSV TO 8M9FQCNU,0.3927877106700799
1156,2017_9 TO CZQ57NCZ,0.39232547850939226
1120,2017_6 TO 2017_7,0.3918445357930196
96,T4S3K5ZT TO XSJ9KCBQ,0.391649812918878
330,EWDTT8PI TO FQVMU8GU,0.39162229526426784
313,9895DC6Q TO H3HIEFKV,0.391416136942073
928,2017_8 TO HTFNIQDD,0.39091413013661236
429,2017_4 TO AFWXF8CH,0.39050861794157876
355,FQVMU8GU TO H3HIEFKV,0.39017733667584276
1138,2017_6 TO H3HIEFKV,0.3900354871920517
77,T4S3K5ZT TO VM7EP4IA,0.3897837581774697
961,8M9FQCNU TO XGBBFQWX,0.3892891258835771
369,7V9JCFSV TO NX42RPT2,0.3892879499718087
769,2017_8 TO CDAJEXM8,0.3890109863515252
451,ABX4R7K5 TO F5SXURFA,0.388955319113905
340,8M9FQCNU TO FQVMU8GU,0.3880765758883775
995,9T2T3NWW TO VM7EP4IA,0.38802944135451467
421,8M9FQCNU TO AFWXF8CH,0.38798518057390297
1104,2017_5 TO XSJ9KCBQ,0.3865703317477929
876,8M9FQCNU TO NINP5I8I,0.3864869709256529
1136,2017_6 TO XGBBFQWX,0.38594294455316636
448,ABX4R7K5 TO NX42RPT2,0.3856349456181709
978,2017_4 TO 356QDHJ7,0.38491738548206467
191,9895DC6Q TO UQ4WC79E,0.3849154041501548
717,DW9W8Z9I TO F5SXURFA,0.3838172844411204
471,2017_9 TO ABX4R7K5,0.38307949486691717
33,2017_4 TO 4IR7FP3G,0.38241408120513454
1034,2017_8 TO XSJ9KCBQ,0.3820287378704361
988,356QDHJ7 TO Z56T9MF4,0.38198806375267824
1173,SMZ5P2JC TO XGBBFQWX,0.38177575618710125
1028,2017_8 TO SMZ5P2JC,0.38137668875220077
1078,T8P7HT8E TO XGBBFQWX,0.38105607922247176
785,CDAJEXM8 TO QVXBKCSS,0.38099565541166935
404,7V9JCFSV TO XSJ9KCBQ,0.38088690590999386
1152,2017_9 TO SMZ5P2JC,0.3804195580212141
371,7V9JCFSV TO EWDTT8PI,0.38001068150523243
1165,DW9W8Z9I TO QVXBKCSS,0.3788270249297905
1219,CZQ57NCZ TO GQPNFE6B,0.3782227731481984
398,7V9JCFSV TO SMZ5P2JC,0.3782178044619162
536,2017_10 TO 356QDHJ7,0.3780405937283242
1073,2017_4 TO T8P7HT8E,0.37772010722849547
831,2017_4 TO SFF232HX,0.3777073880114771
994,2017_8 TO 9T2T3NWW,0.37748130925360324
1145,2017_6 TO 56QUJEMP,0.3774368091110639
951,2017_8 TO 8M9FQCNU,0.3774287881394127
269,2017_1 TO MXXBE2S3,0.376605018029188
1057,2017_7 TO T9IJMSRB,0.3762372424538918
67,F96H6I58 TO T4S3K5ZT,0.37618231786194634
469,2017_7 TO ABX4R7K5,0.37595819599339597
383,7V9JCFSV TO 9T2T3NWW,0.3757507519247134
301,2017_8 TO 9895DC6Q,0.3755938477395204
879,2017_8 TO NINP5I8I,0.3755335719789359
1189,GCGB74CJ TO H3HIEFKV,0.3751540413500001
782,CDAJEXM8 TO GCGB74CJ,0.3748281147328414
331,F5SXURFA TO FQVMU8GU,0.3744931070408477
748,DW9W8Z9I TO J7SB3TH5,0.3743221475564332
1086,CZQ57NCZ TO T8P7HT8E,0.3735751668288094
298,8M9FQCNU TO 9895DC6Q,0.3735089777286369
933,2017_4 TO HTFNIQDD,0.37321673837155556
1218,QVXBKCSS TO XSJ9KCBQ,0.37304234880407505
260,MXXBE2S3 TO T9IJMSRB,0.37301712857083325
1179,XGBBFQWX TO XSJ9KCBQ,0.37286391743479785
1217,56QUJEMP TO QVXBKCSS,0.3727791883438121
789,CDAJEXM8 TO XSJ9KCBQ,0.37264617544512646
1009,9T2T3NWW TO Z56T9MF4,0.3726068115007335
935,2017_6 TO HTFNIQDD,0.3724140935392407
286,9895DC6Q TO NX42RPT2,0.3722737648483101
140,4C8T6PTV TO GQPNFE6B,0.3722125054044947
1195,56QUJEMP TO H3HIEFKV,0.37182742667192115
304,9895DC6Q TO T8P7HT8E,0.37180902509108105
775,2017_7 TO CDAJEXM8,0.37164956614387235
354,2017_1 TO FQVMU8GU,0.3714784114740258
5,4IR7FP3G TO 9895DC6Q,0.37115813960292754
836,SFF232HX TO XGBBFQWX,0.3709727377467902
875,HTFNIQDD TO NINP5I8I,0.3707922304084188
956,2017_4 TO 8M9FQCNU,0.3705585010826973
770,CDAJEXM8 TO VM7EP4IA,0.3705496974351703
84,2017_9 TO T4S3K5ZT,0.37038322529407264
468,2017_4 TO ABX4R7K5,0.3702381354701607
601,NX42RPT2 TO SFF232HX,0.3698280888349177
1159,DW9W8Z9I TO XGBBFQWX,0.3698065175965235
641,356QDHJ7 TO 5G8U33QZ,0.3694181933198841
394,7V9JCFSV TO XGBBFQWX,0.3694179197624927
980,2017_6 TO 356QDHJ7,0.368708395828491
1111,2017_4 TO H3HIEFKV,0.3686973398716009
413,AFWXF8CH TO J7SB3TH5,0.3685571742305338
248,CDAJEXM8 TO MXXBE2S3,0.36809036524818173
1187,2017_1 TO 56QUJEMP,0.3679216327259841
1192,H3HIEFKV TO QVXBKCSS,0.36774290409403076
523,2017_10 TO NX42RPT2,0.3677294763696569
1096,2017_5 TO H3HIEFKV,0.3675450524432611
764,AMDVNRNA TO CDAJEXM8,0.3675144157994792
585,2017_1 TO 6UGSWD8D,0.3671794169229774
254,HTFNIQDD TO MXXBE2S3,0.36699251424110024
428,2017_5 TO AFWXF8CH,0.3669139179064419
554,2017_10 TO QVXBKCSS,0.36626112340635997
220,2017_7 TO UQ4WC79E,0.3661635103521341
1196,H3HIEFKV TO XSJ9KCBQ,0.3658551415494329
632,5G8U33QZ TO J7SB3TH5,0.36573501537445163
279,9895DC6Q TO FQVMU8GU,0.3655778746232661
987,356QDHJ7 TO SMZ5P2JC,0.3654235217509343
1002,2017_9 TO 9T2T3NWW,0.3647804257658118
461,356QDHJ7 TO ABX4R7K5,0.3645235839729729
339,FQVMU8GU TO HTFNIQDD,0.36424021753798397
819,KF3CZPHV TO SFF232HX,0.363956759256413
443,56QUJEMP TO AFWXF8CH,0.3638926063537523
7,4IR7FP3G TO 7V9JCFSV,0.36349824164033406
742,J7SB3TH5 TO T8P7HT8E,0.3634489452954115
45,4IR7FP3G TO GQPNFE6B,0.3630975255778477
1021,2017_6 TO 2017_8,0.3628862965754768
255,8M9FQCNU TO MXXBE2S3,0.36282193772781834
865,H3HIEFKV TO KF3CZPHV,0.3624805616565747
580,2017_7 TO 6UGSWD8D,0.36227976773484527
806,2017_9 TO F96H6I58,0.3622663932571377
763,CDAJEXM8 TO NINP5I8I,0.3621866746093443
863,KF3CZPHV TO XGBBFQWX,0.36182680252021104
1020,2017_7 TO 2017_8,0.3613765369811315
1212,CZQ57NCZ TO Z56T9MF4,0.3610236115762748
1183,2017_1 TO Z56T9MF4,0.3609071857594771
600,F96H6I58 TO NX42RPT2,0.36070307316859207
958,2017_6 TO 8M9FQCNU,0.36057179436402453
446,2017_10 TO ABX4R7K5,0.360319186232947
377,7V9JCFSV TO KF3CZPHV,0.36028886384081416
729,CDAJEXM8 TO J7SB3TH5,0.3600615499738451
625,NX42RPT2 TO QVXBKCSS,0.3599124804965228
284,2017_10 TO 9895DC6Q,0.3596142943085874
328,FQVMU8GU TO NX42RPT2,0.3593645840170707
714,2017_7 TO F5SXURFA,0.35908607292263517
317,9895DC6Q TO QVXBKCSS,0.35904498128731455
556,2017_10 TO CZQ57NCZ,0.35887566369393764
302,9895DC6Q TO VM7EP4IA,0.3578184615108553
1162,DW9W8Z9I TO GCGB74CJ,0.3575209752947206
862,DW9W8Z9I TO KF3CZPHV,0.3575125367608216
293,9895DC6Q TO SFF232HX,0.35702505818970254
307,2017_7 TO 9895DC6Q,0.35682635411308594
1003,9T2T3NWW TO DW9W8Z9I,0.3563881942531205
823,8M9FQCNU TO SFF232HX,0.3563013598913335
880,NINP5I8I TO VM7EP4IA,0.35588617050889804
322,7V9JCFSV TO FQVMU8GU,0.35512375920786776
768,9T2T3NWW TO CDAJEXM8,0.35424943611871906
85,DW9W8Z9I TO T4S3K5ZT,0.35423992938513893
1079,2017_1 TO T8P7HT8E,0.3541593326975061
736,8M9FQCNU TO J7SB3TH5,0.35411428965271774
897,CZQ57NCZ TO NINP5I8I,0.35318722122224866
973,2017_8 TO 356QDHJ7,0.3528290705719539
1140,2017_6 TO SMZ5P2JC,0.3526560182945031
17,4IR7FP3G TO J7SB3TH5,0.3525628287707414
864,2017_1 TO KF3CZPHV,0.3522050792945287
482,56QUJEMP TO ABX4R7K5,0.3518245647068179
444,AFWXF8CH TO XSJ9KCBQ,0.3515282217052804
814,F96H6I58 TO QVXBKCSS,0.3511304581350132
349,2017_7 TO FQVMU8GU,0.3511028793291644
350,2017_6 TO FQVMU8GU,0.3501974757948412
999,2017_4 TO 9T2T3NWW,0.35013124220115777
240,2017_11 TO MXXBE2S3,0.35007915573810555
1044,2017_1 TO VM7EP4IA,0.3499300118485935
361,CZQ57NCZ TO FQVMU8GU,0.34934044601120395
274,MXXBE2S3 TO QVXBKCSS,0.34933198550449773
1049,QVXBKCSS TO VM7EP4IA,0.3492744841573099
178,DW9W8Z9I TO GPBS8H6W,0.3492556766304551
384,2017_8 TO 7V9JCFSV,0.34911167491419937
804,2017_7 TO F96H6I58,0.34890853969809754
1007,9T2T3NWW TO GCGB74CJ,0.348414539273428
437,AFWXF8CH TO GCGB74CJ,0.3480104255376977
109,4C8T6PTV TO 5G8U33QZ,0.3474378805474492
266,2017_9 TO MXXBE2S3,0.34669907325271687
1061,T9IJMSRB TO XGBBFQWX,0.34623512129061784
1108,2017_4 TO DW9W8Z9I,0.34618325127025185
278,MXXBE2S3 TO XSJ9KCBQ,0.3457120409229557
598,J7SB3TH5 TO NX42RPT2,0.34538196070006244
1210,QVXBKCSS TO Z56T9MF4,0.3445945395085386
431,2017_6 TO AFWXF8CH,0.3445694485040981
1163,DW9W8Z9I TO SMZ5P2JC,0.3442009540003921
1185,2017_1 TO GQPNFE6B,0.3437227110833738
1090,2017_5 TO 2017_7,0.34342929480829565
549,2017_1 TO 2017_10,0.3434114384857401
1121,2017_7 TO 2017_9,0.3433264527538009
1191,H3HIEFKV TO Z56T9MF4,0.3427444308179275
773,2017_5 TO CDAJEXM8,0.3425358787089323
809,2017_1 TO F96H6I58,0.342487316629728
1051,CZQ57NCZ TO VM7EP4IA,0.3422514733529851
795,8M9FQCNU TO F96H6I58,0.34217026138430373
87,2017_1 TO T4S3K5ZT,0.3414851923810793
290,9895DC6Q TO J7SB3TH5,0.341342908578129
603,NINP5I8I TO NX42RPT2,0.3410859999550475
1205,QVXBKCSS TO SMZ5P2JC,0.34095514710860786
74,356QDHJ7 TO T4S3K5ZT,0.3405233074150851
885,2017_7 TO NINP5I8I,0.3401596580584486
852,9T2T3NWW TO KF3CZPHV,0.3400211352755733
1072,2017_5 TO T8P7HT8E,0.3399742035987885
704,F5SXURFA TO HTFNIQDD,0.3399720516449337
1190,H3HIEFKV TO SMZ5P2JC,0.3399384338203213
965,8M9FQCNU TO SMZ5P2JC,0.33923592109707246
1024,2017_8 TO XGBBFQWX,0.339004398469791
739,2017_8 TO J7SB3TH5,0.33860711073049177
341,356QDHJ7 TO FQVMU8GU,0.33834340619957826
1036,T8P7HT8E TO VM7EP4IA,0.3382117377135565
899,NINP5I8I TO XSJ9KCBQ,0.33752791896874923
683,2017_6 TO EWDTT8PI,0.33714925623949
751,H3HIEFKV TO J7SB3TH5,0.33710825086756624
1074,2017_7 TO T8P7HT8E,0.33705702045908215
239,ABX4R7K5 TO MXXBE2S3,0.3369908242907802
427,AFWXF8CH TO T8P7HT8E,0.33685067924025724
48,4IR7FP3G TO XSJ9KCBQ,0.3364513198345882
813,F96H6I58 TO Z56T9MF4,0.33627527078816355
527,2017_10 TO J7SB3TH5,0.33614745453614137
418,AFWXF8CH TO NINP5I8I,0.33600465143696967
783,CDAJEXM8 TO SMZ5P2JC,0.33595690073211526
756,GQPNFE6B TO J7SB3TH5,0.33590233734936925
818,F96H6I58 TO XSJ9KCBQ,0.3352188625884831
857,2017_5 TO KF3CZPHV,0.3348966807842545
594,6UGSWD8D TO XSJ9KCBQ,0.3340855621384433
1006,9T2T3NWW TO H3HIEFKV,0.3339573617550706
121,356QDHJ7 TO 4C8T6PTV,0.33385247834688725
14,4IR7FP3G TO 5G8U33QZ,0.3336942805536556
201,EWDTT8PI TO UQ4WC79E,0.33312443413921144
992,356QDHJ7 TO 56QUJEMP,0.3329657855664311
473,ABX4R7K5 TO XGBBFQWX,0.3324880611225045
64,F5SXURFA TO T4S3K5ZT,0.3321092162183412
1106,2017_4 TO 2017_6,0.332056329717648
195,ABX4R7K5 TO UQ4WC79E,0.3318350040633766
967,8M9FQCNU TO QVXBKCSS,0.3316231615216485
332,FQVMU8GU TO J7SB3TH5,0.3313933542132488
509,2017_11 TO 2017_9,0.3311797892020074
613,2017_5 TO NX42RPT2,0.33095435485071556
761,CDAJEXM8 TO SFF232HX,0.33068667895618775
499,2017_11 TO 356QDHJ7,0.33066244464894146
415,AFWXF8CH TO F96H6I58,0.33061486938692086
1008,9T2T3NWW TO SMZ5P2JC,0.33019329957313437
490,2017_11 TO J7SB3TH5,0.3298338574006462
1167,CZQ57NCZ TO DW9W8Z9I,0.32954602258097665
998,2017_5 TO 9T2T3NWW,0.32892229002371653
257,9T2T3NWW TO MXXBE2S3,0.3281473232219154
942,HTFNIQDD TO SMZ5P2JC,0.32789624841214016
22,4IR7FP3G TO NINP5I8I,0.3276951104932587
226,H3HIEFKV TO UQ4WC79E,0.32766431132551554
574,2017_8 TO 6UGSWD8D,0.32758384238373583
834,2017_9 TO SFF232HX,0.32734940223267717
747,2017_9 TO J7SB3TH5,0.3272148358933391
755,J7SB3TH5 TO QVXBKCSS,0.32716126208261653
1119,2017_4 TO XSJ9KCBQ,0.3270086306179887
167,356QDHJ7 TO GPBS8H6W,0.32688981860671107
75,9T2T3NWW TO T4S3K5ZT,0.32662912858491233
224,UQ4WC79E TO XGBBFQWX,0.32648446889836724
977,2017_5 TO 356QDHJ7,0.3259880732631173
1030,2017_8 TO QVXBKCSS,0.3258460267211576
743,2017_5 TO J7SB3TH5,0.3255612140088191
970,56QUJEMP TO 8M9FQCNU,0.3255141829116258
211,8M9FQCNU TO UQ4WC79E,0.3253097670732774
1025,2017_1 TO 2017_8,0.3251951704905298
622,GCGB74CJ TO NX42RPT2,0.3250771461398554
287,5G8U33QZ TO 9895DC6Q,0.3249252855124345
1202,56QUJEMP TO GCGB74CJ,0.32452822972895745
193,7V9JCFSV TO UQ4WC79E,0.3243533074334939
856,KF3CZPHV TO T8P7HT8E,0.3242741790610897
232,CZQ57NCZ TO UQ4WC79E,0.3239840864167949
890,2017_1 TO NINP5I8I,0.3239141302784665
323,AFWXF8CH TO FQVMU8GU,0.32387092967167697
295,9895DC6Q TO NINP5I8I,0.32371141650159085
35,2017_6 TO 4IR7FP3G,0.32361024301027874
868,KF3CZPHV TO Z56T9MF4,0.32336444099678874
592,6UGSWD8D TO CZQ57NCZ,0.3231720115584764
357,FQVMU8GU TO SMZ5P2JC,0.32289714247472157
616,2017_6 TO NX42RPT2,0.32264106603560305
651,2017_9 TO 5G8U33QZ,0.3222853488084083
294,9895DC6Q TO KF3CZPHV,0.32225586221140556
285,6UGSWD8D TO 9895DC6Q,0.32152085476324865
337,FQVMU8GU TO NINP5I8I,0.32142506922999736
905,AMDVNRNA TO VM7EP4IA,0.32118813967162807
1182,2017_1 TO SMZ5P2JC,0.32071557953324603
264,2017_7 TO MXXBE2S3,0.3205304140519807
555,2017_10 TO GQPNFE6B,0.3195055937981185
235,9895DC6Q TO MXXBE2S3,0.31943763114083934
581,2017_6 TO 6UGSWD8D,0.31927946468356994
1001,2017_6 TO 9T2T3NWW,0.3192598347757156
493,2017_11 TO SFF232HX,0.3189804211283791
21,4IR7FP3G TO KF3CZPHV,0.318920353111634
799,F96H6I58 TO VM7EP4IA,0.3188942626749427
310,9895DC6Q TO DW9W8Z9I,0.3187728813376389
300,9895DC6Q TO 9T2T3NWW,0.31818860518230685
192,FQVMU8GU TO UQ4WC79E,0.31737070554778346
258,2017_8 TO MXXBE2S3,0.31714812770267065
916,AMDVNRNA TO H3HIEFKV,0.31711214675374955
497,2017_11 TO HTFNIQDD,0.31691183137601464
1207,CZQ57NCZ TO SMZ5P2JC,0.3164217837577673
858,2017_4 TO KF3CZPHV,0.31633182064602394
797,9T2T3NWW TO F96H6I58,0.31605138415295664
283,2017_11 TO 9895DC6Q,0.3159762041806041
623,NX42RPT2 TO SMZ5P2JC,0.3159692682051125
1126,2017_7 TO GCGB74CJ,0.3159300624720649
754,J7SB3TH5 TO Z56T9MF4,0.3157595350175335
379,7V9JCFSV TO AMDVNRNA,0.3147291839817852
1033,2017_8 TO 56QUJEMP,0.31422791140441864
1101,2017_5 TO GQPNFE6B,0.31405574190235996
673,8M9FQCNU TO EWDTT8PI,0.31384534852675894
1085,GQPNFE6B TO T8P7HT8E,0.3136859346822414
663,5G8U33QZ TO XSJ9KCBQ,0.31355300418520027
901,8M9FQCNU TO AMDVNRNA,0.3131980164384234
3,4IR7FP3G TO UQ4WC79E,0.31310250984874055
447,6UGSWD8D TO ABX4R7K5,0.3128341291308818
878,9T2T3NWW TO NINP5I8I,0.3128114102920754
590,6UGSWD8D TO QVXBKCSS,0.3125436378994637
333,CDAJEXM8 TO FQVMU8GU,0.312515136677761
1098,2017_5 TO SMZ5P2JC,0.31234691935646475
94,CZQ57NCZ TO T4S3K5ZT,0.312264150787813
439,AFWXF8CH TO Z56T9MF4,0.31223244475764833
209,AMDVNRNA TO UQ4WC79E,0.3121461002513607
628,56QUJEMP TO NX42RPT2,0.3117043604343879
869,KF3CZPHV TO QVXBKCSS,0.31071348164550605
368,6UGSWD8D TO 7V9JCFSV,0.3106709277419053
894,NINP5I8I TO Z56T9MF4,0.3102671196080591
1122,2017_7 TO DW9W8Z9I,0.310257142305725
950,8M9FQCNU TO 9T2T3NWW,0.3101800278712439
131,2017_9 TO 4C8T6PTV,0.3100987592988129
531,2017_10 TO KF3CZPHV,0.3100876758978869
1088,T8P7HT8E TO XSJ9KCBQ,0.3100157895453497
719,2017_1 TO F5SXURFA,0.3098389963068724
684,2017_9 TO EWDTT8PI,0.3097910019958904
238,AFWXF8CH TO MXXBE2S3,0.30953015513984705
270,H3HIEFKV TO MXXBE2S3,0.3094141640026302
877,356QDHJ7 TO NINP5I8I,0.3087847875624976
314,9895DC6Q TO GCGB74CJ,0.3079938559595421
363,FQVMU8GU TO XSJ9KCBQ,0.30783397153312464
1069,CZQ57NCZ TO T9IJMSRB,0.30749501808836377
481,ABX4R7K5 TO CZQ57NCZ,0.30749392296193645
597,F5SXURFA TO NX42RPT2,0.306901411706512
920,AMDVNRNA TO QVXBKCSS,0.30664206467757527
1132,2017_7 TO 56QUJEMP,0.30638207654194016
197,2017_10 TO UQ4WC79E,0.3063033754684692
535,2017_10 TO 8M9FQCNU,0.30626693605894184
1201,CZQ57NCZ TO GCGB74CJ,0.3059722773211353
570,6UGSWD8D TO HTFNIQDD,0.3053249133401157
503,2017_11 TO T9IJMSRB,0.3051784680225951
724,F5SXURFA TO QVXBKCSS,0.30492799742994836
866,GCGB74CJ TO KF3CZPHV,0.30469384539309496
1160,2017_1 TO DW9W8Z9I,0.30425492380644426
1042,DW9W8Z9I TO VM7EP4IA,0.3035662686987046
873,KF3CZPHV TO XSJ9KCBQ,0.3031461165102012
816,CZQ57NCZ TO F96H6I58,0.3031259869640235
132,4C8T6PTV TO DW9W8Z9I,0.30307447993243986
745,2017_7 TO J7SB3TH5,0.30290379924756405
275,GQPNFE6B TO MXXBE2S3,0.30262053577476156
410,5G8U33QZ TO AFWXF8CH,0.3024362562482006
893,NINP5I8I TO SMZ5P2JC,0.30225655436672916
92,QVXBKCSS TO T4S3K5ZT,0.30213905200483304
143,4C8T6PTV TO XSJ9KCBQ,0.3017541017710784
69,KF3CZPHV TO T4S3K5ZT,0.30114943060681665
199,NX42RPT2 TO UQ4WC79E,0.3009970421393946
698,CDAJEXM8 TO F5SXURFA,0.300980052059051
900,AMDVNRNA TO HTFNIQDD,0.3009115932060624
796,356QDHJ7 TO F96H6I58,0.3008816922469567
686,EWDTT8PI TO XGBBFQWX,0.3006454790771643
666,CDAJEXM8 TO EWDTT8PI,0.3000476131697194
611,NX42RPT2 TO T9IJMSRB,0.2999693486414252
477,ABX4R7K5 TO SMZ5P2JC,0.2999411344758567
861,2017_9 TO KF3CZPHV,0.2999081138625097
219,2017_4 TO UQ4WC79E,0.29983524619297575
705,8M9FQCNU TO F5SXURFA,0.2996056520793372
406,2017_11 TO AFWXF8CH,0.2995698425537149
194,AFWXF8CH TO UQ4WC79E,0.29946772877457306
449,5G8U33QZ TO ABX4R7K5,0.2994444294240852
564,6UGSWD8D TO CDAJEXM8,0.2994042885241881
252,MXXBE2S3 TO NINP5I8I,0.29938755928837035
829,SFF232HX TO T8P7HT8E,0.29932749039004336
1181,2017_1 TO GCGB74CJ,0.29924949971079906
639,5G8U33QZ TO HTFNIQDD,0.2990167294552546
802,2017_5 TO F96H6I58,0.29883123720127824
511,2017_11 TO XGBBFQWX,0.2987185718456007
642,5G8U33QZ TO 9T2T3NWW,0.2986582020176549
411,AFWXF8CH TO EWDTT8PI,0.2985340593904785
500,2017_11 TO 9T2T3NWW,0.29793975640845316
848,AMDVNRNA TO KF3CZPHV,0.2977959256783398
483,ABX4R7K5 TO XSJ9KCBQ,0.2976487906883105
216,T9IJMSRB TO UQ4WC79E,0.29761644527308606
844,CZQ57NCZ TO SFF232HX,0.2975905892821825
889,NINP5I8I TO XGBBFQWX,0.29734123913567556
127,2017_5 TO 4C8T6PTV,0.2969923022858556
537,2017_10 TO 9T2T3NWW,0.2968550655164717
416,AFWXF8CH TO SFF232HX,0.29671104893450084
27,4IR7FP3G TO 9T2T3NWW,0.29663796959921895
1032,2017_8 TO CZQ57NCZ,0.29651129283682476
320,56QUJEMP TO 9895DC6Q,0.29640679641983525
741,J7SB3TH5 TO T9IJMSRB,0.2961160248494441
277,56QUJEMP TO MXXBE2S3,0.29554156184988767
872,56QUJEMP TO KF3CZPHV,0.29551680301856265
116,4C8T6PTV TO KF3CZPHV,0.2953900650877046
370,5G8U33QZ TO 7V9JCFSV,0.2951908954570093
1047,SMZ5P2JC TO VM7EP4IA,0.2946172808899157
228,SMZ5P2JC TO UQ4WC79E,0.2943364968633366
1114,2017_4 TO Z56T9MF4,0.29373751223777456
685,DW9W8Z9I TO EWDTT8PI,0.29322572343875764
941,GCGB74CJ TO HTFNIQDD,0.29297844978603427
681,2017_4 TO EWDTT8PI,0.2928635569049405
190,MXXBE2S3 TO UQ4WC79E,0.2926623956035832
1043,VM7EP4IA TO XGBBFQWX,0.29209315158288474
417,AFWXF8CH TO KF3CZPHV,0.29169741284657813
106,2017_10 TO 4C8T6PTV,0.29162226772859046
1041,2017_9 TO VM7EP4IA,0.29152186546608805
1059,2017_9 TO T9IJMSRB,0.2914398359474779
1082,SMZ5P2JC TO T8P7HT8E,0.29077603827466936
559,6UGSWD8D TO NX42RPT2,0.2907194197702221
115,4C8T6PTV TO SFF232HX,0.29063818941084774
986,356QDHJ7 TO GCGB74CJ,0.2905067989629502
1222,56QUJEMP TO CZQ57NCZ,0.2896958911638936
1040,2017_6 TO VM7EP4IA,0.2890219311976674
716,2017_9 TO F5SXURFA,0.2887211325650364
1038,2017_4 TO VM7EP4IA,0.28827617029213404
36,2017_9 TO 4IR7FP3G,0.2882169593410535
390,2017_7 TO 7V9JCFSV,0.28786078198803655
837,2017_1 TO SFF232HX,0.28749953940931183
733,J7SB3TH5 TO NINP5I8I,0.2874682433605209
952,8M9FQCNU TO VM7EP4IA,0.28714146844606814
914,AMDVNRNA TO XGBBFQWX,0.2866581676416783
210,HTFNIQDD TO UQ4WC79E,0.2859851777784912
957,2017_7 TO 8M9FQCNU,0.28540797689324227
758,56QUJEMP TO J7SB3TH5,0.2852026199746609
934,2017_7 TO HTFNIQDD,0.2850479400396053
608,9T2T3NWW TO NX42RPT2,0.2849349119566551
587,6UGSWD8D TO GCGB74CJ,0.28471262461117863
538,2017_10 TO 2017_8,0.2846979521685795
88,H3HIEFKV TO T4S3K5ZT,0.2845646494168138
791,F96H6I58 TO KF3CZPHV,0.2845269702929303
707,9T2T3NWW TO F5SXURFA,0.28452353796548
886,2017_6 TO NINP5I8I,0.28450316018967836
271,GCGB74CJ TO MXXBE2S3,0.28445461480733203
155,5G8U33QZ TO GPBS8H6W,0.2844532062648151
689,EWDTT8PI TO GCGB74CJ,0.28441857923290903
9,4IR7FP3G TO ABX4R7K5,0.28439961456734586
653,5G8U33QZ TO XGBBFQWX,0.2842022696592492
11,2017_10 TO 4IR7FP3G,0.2837594391778149
342,9T2T3NWW TO FQVMU8GU,0.2835748464006199
464,ABX4R7K5 TO VM7EP4IA,0.2835291803519704
61,NX42RPT2 TO T4S3K5ZT,0.28346125123359767
8,4IR7FP3G TO AFWXF8CH,0.28336328656453835
1093,2017_5 TO DW9W8Z9I,0.2832778616315281
709,F5SXURFA TO VM7EP4IA,0.28325515700418613
624,NX42RPT2 TO Z56T9MF4,0.2827168810482401
572,356QDHJ7 TO 6UGSWD8D,0.282610100751983
68,SFF232HX TO T4S3K5ZT,0.28254812910709737
491,2017_11 TO CDAJEXM8,0.28213356045107685
974,356QDHJ7 TO VM7EP4IA,0.28211347184320745
723,F5SXURFA TO Z56T9MF4,0.2818543894339901
66,CDAJEXM8 TO T4S3K5ZT,0.28156913119416627
4,4IR7FP3G TO MXXBE2S3,0.28154737179791245
318,9895DC6Q TO GQPNFE6B,0.2810545657237238
249,F96H6I58 TO MXXBE2S3,0.2807322452484645
348,2017_4 TO FQVMU8GU,0.28068742187294793
912,2017_9 TO AMDVNRNA,0.28046989629863417
884,2017_4 TO NINP5I8I,0.2802431870438945
1215,GQPNFE6B TO QVXBKCSS,0.2802246236331576
139,4C8T6PTV TO QVXBKCSS,0.280189304499473
265,2017_6 TO MXXBE2S3,0.2801675990332586
359,FQVMU8GU TO QVXBKCSS,0.28016434270202384
12,4IR7FP3G TO 6UGSWD8D,0.27994934680190775
467,2017_5 TO ABX4R7K5,0.2797200033222653
588,6UGSWD8D TO SMZ5P2JC,0.27960895752616355
1077,DW9W8Z9I TO T8P7HT8E,0.2791442735290661
955,2017_5 TO 8M9FQCNU,0.2785651669360816
636,5G8U33QZ TO KF3CZPHV,0.27839759365201733
1046,GCGB74CJ TO VM7EP4IA,0.27803975756924604
825,9T2T3NWW TO SFF232HX,0.2778413199941022
267,DW9W8Z9I TO MXXBE2S3,0.27769988579402183
1091,2017_5 TO 2017_6,0.2771778930335056
122,4C8T6PTV TO 9T2T3NWW,0.2766741344788042
480,ABX4R7K5 TO GQPNFE6B,0.276559590590277
1208,56QUJEMP TO SMZ5P2JC,0.2765523146356156
165,GPBS8H6W TO HTFNIQDD,0.2763601176718651
452,ABX4R7K5 TO J7SB3TH5,0.27580377915277043
854,KF3CZPHV TO VM7EP4IA,0.2757462271350881
771,CDAJEXM8 TO T9IJMSRB,0.2755908062760237
571,6UGSWD8D TO 8M9FQCNU,0.27557011038495727
676,2017_8 TO EWDTT8PI,0.2754437844056825
612,NX42RPT2 TO T8P7HT8E,0.2748986641349346
550,2017_10 TO H3HIEFKV,0.27489529575360927
1193,GQPNFE6B TO H3HIEFKV,0.27486731662891517
225,2017_1 TO UQ4WC79E,0.2748382666735253
353,FQVMU8GU TO XGBBFQWX,0.27483013946704404
968,8M9FQCNU TO GQPNFE6B,0.2744889774612004
24,4IR7FP3G TO HTFNIQDD,0.27428769466715086
838,H3HIEFKV TO SFF232HX,0.2739122655026356
896,GQPNFE6B TO NINP5I8I,0.273876337903343
1113,2017_4 TO SMZ5P2JC,0.273593388261832
105,2017_11 TO 4C8T6PTV,0.27342060527525236
218,2017_5 TO UQ4WC79E,0.27332700063010895
227,GCGB74CJ TO UQ4WC79E,0.27264045719943286
525,2017_10 TO EWDTT8PI,0.2724034632049981
966,8M9FQCNU TO Z56T9MF4,0.27182113433253696
25,4IR7FP3G TO 8M9FQCNU,0.27143183844532226
565,6UGSWD8D TO F96H6I58,0.27129030475120053
687,2017_1 TO EWDTT8PI,0.27121567667982194
126,4C8T6PTV TO T8P7HT8E,0.27112852192644277
425,AFWXF8CH TO VM7EP4IA,0.27086244267356496
236,FQVMU8GU TO MXXBE2S3,0.2708272772447069
1075,2017_6 TO T8P7HT8E,0.27081545726587497
542,2017_10 TO 2017_5,0.2704064307519476
1118,2017_4 TO 56QUJEMP,0.2702574368716646
32,2017_5 TO 4IR7FP3G,0.27014652978572906
1151,2017_9 TO GCGB74CJ,0.26989339521500155
728,F5SXURFA TO XSJ9KCBQ,0.26961188369613165
593,56QUJEMP TO 6UGSWD8D,0.26916927242162303
672,EWDTT8PI TO HTFNIQDD,0.2691290231279202
584,6UGSWD8D TO XGBBFQWX,0.26885675756875216
752,GCGB74CJ TO J7SB3TH5,0.268846595185414
519,2017_11 TO CZQ57NCZ,0.2685589493723599
134,2017_1 TO 4C8T6PTV,0.26848231625743013
65,J7SB3TH5 TO T4S3K5ZT,0.2678881406009098
911,2017_6 TO AMDVNRNA,0.267881704000245
830,2017_5 TO SFF232HX,0.2676288792133239
1197,GCGB74CJ TO SMZ5P2JC,0.26739855329707773
846,SFF232HX TO XSJ9KCBQ,0.26730646459315655
73,8M9FQCNU TO T4S3K5ZT,0.26715983101891805
731,J7SB3TH5 TO SFF232HX,0.2668241628514869
726,CZQ57NCZ TO F5SXURFA,0.2667058421708023
174,2017_4 TO GPBS8H6W,0.2663937583707442
753,J7SB3TH5 TO SMZ5P2JC,0.2662218410579551
34,2017_7 TO 4IR7FP3G,0.26618562674312485
915,2017_1 TO AMDVNRNA,0.26510404338802096
408,6UGSWD8D TO AFWXF8CH,0.26492834066700355
412,AFWXF8CH TO F5SXURFA,0.264706793943286
596,EWDTT8PI TO NX42RPT2,0.2642498863270788
701,F5SXURFA TO KF3CZPHV,0.26418644762197074
185,GPBS8H6W TO QVXBKCSS,0.26383084703363857
706,356QDHJ7 TO F5SXURFA,0.26361905173239353
148,7V9JCFSV TO GPBS8H6W,0.26318637497519615
1199,GCGB74CJ TO QVXBKCSS,0.2630774269234639
648,2017_4 TO 5G8U33QZ,0.26296984918386734
712,2017_5 TO F5SXURFA,0.2627262169366362
522,2017_10 TO 6UGSWD8D,0.2622402919122755
997,9T2T3NWW TO T8P7HT8E,0.26188484477107365
835,DW9W8Z9I TO SFF232HX,0.26188336129173295
373,7V9JCFSV TO J7SB3TH5,0.26185219253238823
376,7V9JCFSV TO SFF232HX,0.2617035916703494
231,GQPNFE6B TO UQ4WC79E,0.2613424802228116
922,AMDVNRNA TO CZQ57NCZ,0.2613381831672028
316,9895DC6Q TO Z56T9MF4,0.2611722909027079
553,2017_10 TO Z56T9MF4,0.2610103418030538
494,2017_11 TO KF3CZPHV,0.26073328039174704
568,6UGSWD8D TO NINP5I8I,0.260587170439458
931,HTFNIQDD TO T8P7HT8E,0.2603666651001034
327,6UGSWD8D TO FQVMU8GU,0.26024871197687605
362,56QUJEMP TO FQVMU8GU,0.26019960535792463
108,4C8T6PTV TO NX42RPT2,0.2600639535375233
582,2017_9 TO 6UGSWD8D,0.2599998687173015
805,2017_6 TO F96H6I58,0.2599269162297049
1204,SMZ5P2JC TO Z56T9MF4,0.25934747143841497
545,2017_10 TO 2017_6,0.25912675991330114
902,356QDHJ7 TO AMDVNRNA,0.25887209052070015
272,MXXBE2S3 TO SMZ5P2JC,0.25876443356673584
97,4C8T6PTV TO GPBS8H6W,0.25842812877738686
1141,2017_6 TO Z56T9MF4,0.25812226736719124
808,F96H6I58 TO XGBBFQWX,0.2580111900365776
674,356QDHJ7 TO EWDTT8PI,0.25791709563373577
183,GPBS8H6W TO SMZ5P2JC,0.25766031071708584
366,2017_11 TO 7V9JCFSV,0.2573988982780957
386,7V9JCFSV TO T9IJMSRB,0.2572088221863168
242,6UGSWD8D TO MXXBE2S3,0.2569866924049493
125,4C8T6PTV TO T9IJMSRB,0.2566860159336841
746,2017_6 TO J7SB3TH5,0.2564310748295624
70,NINP5I8I TO T4S3K5ZT,0.25633738675643525
1174,XGBBFQWX TO Z56T9MF4,0.2562505469290812
419,AFWXF8CH TO AMDVNRNA,0.255871974620149
557,2017_10 TO 56QUJEMP,0.25565081627562614
1155,2017_9 TO GQPNFE6B,0.25551064523925837
1063,H3HIEFKV TO T9IJMSRB,0.2551069474318599
841,SFF232HX TO Z56T9MF4,0.2550268896532981
1062,2017_1 TO T9IJMSRB,0.2549769430372941
853,2017_8 TO KF3CZPHV,0.25492899282568415
1178,56QUJEMP TO XGBBFQWX,0.25472518395702193
26,356QDHJ7 TO 4IR7FP3G,0.2546978753719912
544,2017_10 TO 2017_7,0.2543596112045383
214,2017_8 TO UQ4WC79E,0.2543386291216939
670,EWDTT8PI TO NINP5I8I,0.25415803949334403
506,2017_11 TO 2017_4,0.253312835541608
547,2017_10 TO DW9W8Z9I,0.25181694690263967
247,J7SB3TH5 TO MXXBE2S3,0.2517493303885945
256,356QDHJ7 TO MXXBE2S3,0.25158554230537333
786,CDAJEXM8 TO GQPNFE6B,0.25143084994293075
13,4IR7FP3G TO NX42RPT2,0.25095788546818854
626,GQPNFE6B TO NX42RPT2,0.25017200742229084
610,NX42RPT2 TO VM7EP4IA,0.2501648673689394
1084,QVXBKCSS TO T8P7HT8E,0.24978580734673927
456,ABX4R7K5 TO KF3CZPHV,0.24966686811945116
358,FQVMU8GU TO Z56T9MF4,0.24922565284678655
351,2017_9 TO FQVMU8GU,0.24888309538696807
6,4IR7FP3G TO FQVMU8GU,0.24883040873535522
652,5G8U33QZ TO DW9W8Z9I,0.24857609008455794
586,6UGSWD8D TO H3HIEFKV,0.24785698321868677
1203,GCGB74CJ TO XSJ9KCBQ,0.2476233209134283
924,AMDVNRNA TO XSJ9KCBQ,0.24756000534314948
907,AMDVNRNA TO T8P7HT8E,0.24754875858456615
658,5G8U33QZ TO Z56T9MF4,0.24741582593143985
478,ABX4R7K5 TO Z56T9MF4,0.2468338161726492
826,2017_8 TO SFF232HX,0.2465598174315211
842,QVXBKCSS TO SFF232HX,0.24612774993962716
695,56QUJEMP TO EWDTT8PI,0.24601453873372003
336,FQVMU8GU TO KF3CZPHV,0.24590282638509375
647,2017_5 TO 5G8U33QZ,0.24573981625786379
812,F96H6I58 TO SMZ5P2JC,0.2456954399683451
259,MXXBE2S3 TO VM7EP4IA,0.2456828805054292
81,2017_4 TO T4S3K5ZT,0.24524278190431614
552,2017_10 TO SMZ5P2JC,0.2451202999290416
262,2017_5 TO MXXBE2S3,0.24478305815059476
305,2017_5 TO 9895DC6Q,0.24450081740918717
1019,2017_4 TO 2017_8,0.2441855327280309
573,6UGSWD8D TO 9T2T3NWW,0.2435348131883306
1139,2017_6 TO GCGB74CJ,0.2430747989999239
1112,2017_4 TO GCGB74CJ,0.24265303200524613
697,F5SXURFA TO J7SB3TH5,0.2426160491498972
845,56QUJEMP TO SFF232HX,0.24254560769024092
31,4IR7FP3G TO T8P7HT8E,0.24251167459229273
635,5G8U33QZ TO SFF232HX,0.24245846275661775
177,2017_9 TO GPBS8H6W,0.24199067361526116
859,2017_7 TO KF3CZPHV,0.24161739087740486
230,QVXBKCSS TO UQ4WC79E,0.2408993880087471
162,GPBS8H6W TO KF3CZPHV,0.2407590954715998
119,4C8T6PTV TO HTFNIQDD,0.2406962190525942
141,4C8T6PTV TO CZQ57NCZ,0.24048508973161753
15,4IR7FP3G TO EWDTT8PI,0.2402977851697614
532,2017_10 TO NINP5I8I,0.2396729793966612
602,KF3CZPHV TO NX42RPT2,0.23859789154594913
187,CZQ57NCZ TO GPBS8H6W,0.23855267420181991
524,2017_10 TO 5G8U33QZ,0.23784119556362193
696,EWDTT8PI TO XSJ9KCBQ,0.23780775608599425
161,GPBS8H6W TO SFF232HX,0.23764754236638996
562,6UGSWD8D TO F5SXURFA,0.2373184313476624
694,CZQ57NCZ TO EWDTT8PI,0.2371256254899693
692,EWDTT8PI TO QVXBKCSS,0.23700342053613144
730,F96H6I58 TO J7SB3TH5,0.2366142264136457
117,4C8T6PTV TO NINP5I8I,0.2365927518612786
1076,2017_9 TO T8P7HT8E,0.23618371848941122
29,4IR7FP3G TO VM7EP4IA,0.23617152905272287
579,2017_4 TO 6UGSWD8D,0.23584885487196305
10,2017_11 TO 4IR7FP3G,0.23581800715093548
1129,2017_7 TO QVXBKCSS,0.23544392198130393
486,2017_11 TO NX42RPT2,0.23523659876304737
401,7V9JCFSV TO GQPNFE6B,0.23522791473076032
430,2017_7 TO AFWXF8CH,0.23515264345154552
718,F5SXURFA TO XGBBFQWX,0.23465731700737025
870,GQPNFE6B TO KF3CZPHV,0.23362583407596282
62,5G8U33QZ TO T4S3K5ZT,0.23361714380425536
223,DW9W8Z9I TO UQ4WC79E,0.23347563075959832
23,4IR7FP3G TO AMDVNRNA,0.2328015456770699
659,5G8U33QZ TO QVXBKCSS,0.23206390358714002
909,2017_4 TO AMDVNRNA,0.23128821503964203
146,9895DC6Q TO GPBS8H6W,0.23121078988488342
803,2017_4 TO F96H6I58,0.2310765033985429
465,ABX4R7K5 TO T9IJMSRB,0.2308050032045479
650,2017_6 TO 5G8U33QZ,0.23066784568350052
215,UQ4WC79E TO VM7EP4IA,0.23056854051958897
923,56QUJEMP TO AMDVNRNA,0.23040345878568003
208,NINP5I8I TO UQ4WC79E,0.2303991242307346
583,6UGSWD8D TO DW9W8Z9I,0.229935030063251
815,F96H6I58 TO GQPNFE6B,0.22972250227481417
83,2017_6 TO T4S3K5ZT,0.2295732472671057
172,GPBS8H6W TO T8P7HT8E,0.22945648785300587
578,2017_5 TO 6UGSWD8D,0.229445637503503
979,2017_7 TO 356QDHJ7,0.22894087706098998
1172,GCGB74CJ TO XGBBFQWX,0.22843674659902558
206,SFF232HX TO UQ4WC79E,0.22820339624908892
1133,2017_7 TO XSJ9KCBQ,0.22816633271359554
1081,GCGB74CJ TO T8P7HT8E,0.2281282881867901
166,8M9FQCNU TO GPBS8H6W,0.22794077330081652
577,6UGSWD8D TO T8P7HT8E,0.22783654943494358
273,MXXBE2S3 TO Z56T9MF4,0.22772794341349112
37,4IR7FP3G TO DW9W8Z9I,0.22758110053820613
212,356QDHJ7 TO UQ4WC79E,0.2273475913551961
54,FQVMU8GU TO T4S3K5ZT,0.2270755465813682
181,GPBS8H6W TO H3HIEFKV,0.2270588488680858
1200,GCGB74CJ TO GQPNFE6B,0.2270438675957126
56,AFWXF8CH TO T4S3K5ZT,0.22651583606112657
655,5G8U33QZ TO H3HIEFKV,0.22639374940888346
179,GPBS8H6W TO XGBBFQWX,0.22617008292090524
164,AMDVNRNA TO GPBS8H6W,0.22600635906402555
20,4IR7FP3G TO SFF232HX,0.2259116992678386
458,ABX4R7K5 TO AMDVNRNA,0.22539350703408934
668,EWDTT8PI TO SFF232HX,0.22535822240865278
2,4IR7FP3G TO GPBS8H6W,0.22505673536798076
387,7V9JCFSV TO T8P7HT8E,0.22488231660819558
551,2017_10 TO GCGB74CJ,0.22487554002277643
154,GPBS8H6W TO NX42RPT2,0.22444592735396351
644,5G8U33QZ TO VM7EP4IA,0.22435111624254922
827,SFF232HX TO VM7EP4IA,0.2241212322912276
250,MXXBE2S3 TO SFF232HX,0.22390130891165572
558,2017_10 TO XSJ9KCBQ,0.2237912285064647
918,AMDVNRNA TO SMZ5P2JC,0.22336710561944473
326,2017_10 TO FQVMU8GU,0.222919896084812
917,AMDVNRNA TO GCGB74CJ,0.22273745392316235
100,4C8T6PTV TO 9895DC6Q,0.22273714599230832
821,AMDVNRNA TO SFF232HX,0.22243968983261764
575,6UGSWD8D TO VM7EP4IA,0.22226948873568386
953,8M9FQCNU TO T9IJMSRB,0.2222231907665989
850,8M9FQCNU TO KF3CZPHV,0.22216180622277548
292,9895DC6Q TO F96H6I58,0.22204300488511153
855,KF3CZPHV TO T9IJMSRB,0.22178845282590143
130,2017_6 TO 4C8T6PTV,0.22147912967342442
205,F96H6I58 TO UQ4WC79E,0.2210533137533165
129,2017_7 TO 4C8T6PTV,0.2210220902204737
740,J7SB3TH5 TO VM7EP4IA,0.22079559157819584
715,2017_6 TO F5SXURFA,0.22075057251648889
138,4C8T6PTV TO Z56T9MF4,0.22016521456094118
688,EWDTT8PI TO H3HIEFKV,0.21949157693201227
180,2017_1 TO GPBS8H6W,0.21883474760102073
680,2017_5 TO EWDTT8PI,0.21808091703415344
595,5G8U33QZ TO NX42RPT2,0.21773920169103833
874,AMDVNRNA TO NINP5I8I,0.2169204289004496
103,4C8T6PTV TO AFWXF8CH,0.216732982760941
913,AMDVNRNA TO DW9W8Z9I,0.2165709829606398
329,5G8U33QZ TO FQVMU8GU,0.2165345575371126
1031,2017_8 TO GQPNFE6B,0.21615120594244497
221,2017_6 TO UQ4WC79E,0.2158054691429
345,FQVMU8GU TO T9IJMSRB,0.2152362357578066
566,6UGSWD8D TO SFF232HX,0.21512256941308405
649,2017_7 TO 5G8U33QZ,0.21465004075964778
42,4IR7FP3G TO SMZ5P2JC,0.2144693078721409
713,2017_4 TO F5SXURFA,0.21427443186558415
498,2017_11 TO 8M9FQCNU,0.21423195551678453
246,F5SXURFA TO MXXBE2S3,0.21420342066469322
222,2017_9 TO UQ4WC79E,0.21317525594829845
441,AFWXF8CH TO GQPNFE6B,0.21302244424591044
633,5G8U33QZ TO CDAJEXM8,0.21297599445264026
734,AMDVNRNA TO J7SB3TH5,0.21297058345710318
234,UQ4WC79E TO XSJ9KCBQ,0.21224450763165825
1097,2017_5 TO GCGB74CJ,0.21209140377139346
860,2017_6 TO KF3CZPHV,0.21181854232091546
158,GPBS8H6W TO J7SB3TH5,0.21112847972081483
1166,DW9W8Z9I TO GQPNFE6B,0.21086286041115365
1087,56QUJEMP TO T8P7HT8E,0.21064418804532048
347,2017_5 TO FQVMU8GU,0.2100877392119822
561,6UGSWD8D TO EWDTT8PI,0.20966972116330462
671,AMDVNRNA TO EWDTT8PI,0.20964587214773567
722,F5SXURFA TO SMZ5P2JC,0.20896661487603596
41,4IR7FP3G TO GCGB74CJ,0.20896634430886984
1055,2017_5 TO T9IJMSRB,0.20852069983876986
667,EWDTT8PI TO F96H6I58,0.2081258776942816
360,FQVMU8GU TO GQPNFE6B,0.20805133939874998
725,F5SXURFA TO GQPNFE6B,0.20764052020850232
110,4C8T6PTV TO EWDTT8PI,0.20744485643909105
643,2017_8 TO 5G8U33QZ,0.20737999512373517
1067,QVXBKCSS TO T9IJMSRB,0.2073444272858861
529,2017_10 TO F96H6I58,0.20715091613281222
640,5G8U33QZ TO 8M9FQCNU,0.20700192903199088
678,EWDTT8PI TO T9IJMSRB,0.20678277152876534
930,HTFNIQDD TO T9IJMSRB,0.20655640022680966
303,9895DC6Q TO T9IJMSRB,0.20650565099487828
18,4IR7FP3G TO CDAJEXM8,0.20595526382914642
882,NINP5I8I TO T8P7HT8E,0.20479241676748805
1143,2017_6 TO GQPNFE6B,0.2038967242887778
102,4C8T6PTV TO 7V9JCFSV,0.2037966296920728
801,F96H6I58 TO T8P7HT8E,0.2036116714491747
344,FQVMU8GU TO VM7EP4IA,0.20269418198501332
49,4C8T6PTV TO T4S3K5ZT,0.20259388900646513
19,4IR7FP3G TO F96H6I58,0.20232860147809806
189,GPBS8H6W TO XSJ9KCBQ,0.2023227904064333
833,2017_6 TO SFF232HX,0.20218743724311572
711,F5SXURFA TO T8P7HT8E,0.2021800091292193
840,SFF232HX TO SMZ5P2JC,0.20213642513631314
1198,GCGB74CJ TO Z56T9MF4,0.20176652060006617
563,6UGSWD8D TO J7SB3TH5,0.20170360401577647
495,2017_11 TO NINP5I8I,0.2014113312917004
99,4C8T6PTV TO MXXBE2S3,0.20114943827871024
1011,9T2T3NWW TO GQPNFE6B,0.20035318619765063
57,ABX4R7K5 TO T4S3K5ZT,0.19994060623113286
104,4C8T6PTV TO ABX4R7K5,0.1996776802383331
843,GQPNFE6B TO SFF232HX,0.1996156387147865
1064,GCGB74CJ TO T9IJMSRB,0.19914244698790784
1018,2017_5 TO 2017_8,0.198991477352217
1206,GQPNFE6B TO SMZ5P2JC,0.19866435887882883
1058,2017_6 TO T9IJMSRB,0.19846559047078016
151,2017_11 TO GPBS8H6W,0.19800941297563113
1029,2017_8 TO Z56T9MF4,0.19710518018864265
1083,T8P7HT8E TO Z56T9MF4,0.1963795634043104
150,ABX4R7K5 TO GPBS8H6W,0.19526836943438652
919,AMDVNRNA TO Z56T9MF4,0.1952590847287069
1000,2017_7 TO 9T2T3NWW,0.19484941984202697
496,2017_11 TO AMDVNRNA,0.19471465354321826
487,2017_11 TO 5G8U33QZ,0.19446589317157081
569,6UGSWD8D TO AMDVNRNA,0.19416105408583262
521,2017_11 TO XSJ9KCBQ,0.19385252155324117
233,56QUJEMP TO UQ4WC79E,0.19382273761061097
152,2017_10 TO GPBS8H6W,0.19343647243635909
501,2017_11 TO 2017_8,0.19341859014884522
1060,DW9W8Z9I TO T9IJMSRB,0.1932579684086123
1017,2017_8 TO T8P7HT8E,0.19242877780451995
163,GPBS8H6W TO NINP5I8I,0.19223776346710442
660,5G8U33QZ TO GQPNFE6B,0.1918621491987187
790,F96H6I58 TO SFF232HX,0.1917000130344494
245,EWDTT8PI TO MXXBE2S3,0.19166976167890837
677,EWDTT8PI TO VM7EP4IA,0.19097323562046342
691,EWDTT8PI TO Z56T9MF4,0.19096148882677033
908,2017_5 TO AMDVNRNA,0.19046935570181756
86,T4S3K5ZT TO XGBBFQWX,0.19017317375632015
513,2017_11 TO H3HIEFKV,0.18987620902927338
30,4IR7FP3G TO T9IJMSRB,0.18917253884749297
207,KF3CZPHV TO UQ4WC79E,0.18882815721478474
541,2017_10 TO T8P7HT8E,0.18877099636703631
76,2017_8 TO T4S3K5ZT,0.18833464177491244
604,AMDVNRNA TO NX42RPT2,0.1883024373978862
40,4IR7FP3G TO H3HIEFKV,0.18810950862272713
261,MXXBE2S3 TO T8P7HT8E,0.18794617436409955
176,2017_6 TO GPBS8H6W,0.18788002182494923
533,2017_10 TO AMDVNRNA,0.1876478102082939
504,2017_11 TO T8P7HT8E,0.18720797531861644
16,4IR7FP3G TO F5SXURFA,0.1869896631562009
53,9895DC6Q TO T4S3K5ZT,0.18627635832973333
229,UQ4WC79E TO Z56T9MF4,0.1860825877140725
137,4C8T6PTV TO SMZ5P2JC,0.18603763780566818
217,T8P7HT8E TO UQ4WC79E,0.1860317564931957
59,2017_10 TO T4S3K5ZT,0.18601622505042725
954,8M9FQCNU TO T8P7HT8E,0.18590545081089427
921,AMDVNRNA TO GQPNFE6B,0.18567171017575113
90,SMZ5P2JC TO T4S3K5ZT,0.1852546382481196
213,9T2T3NWW TO UQ4WC79E,0.18514398510346242
567,6UGSWD8D TO KF3CZPHV,0.1846482470891314
1128,2017_7 TO Z56T9MF4,0.18450446950930566
466,ABX4R7K5 TO T8P7HT8E,0.18429093545683872
665,EWDTT8PI TO J7SB3TH5,0.1838526619397458
135,4C8T6PTV TO H3HIEFKV,0.1832454571772768
289,9895DC6Q TO F5SXURFA,0.18313660152577282
120,4C8T6PTV TO 8M9FQCNU,0.18283621197240285
202,F5SXURFA TO UQ4WC79E,0.18234692324882118
43,4IR7FP3G TO Z56T9MF4,0.18206301869749142
693,EWDTT8PI TO GQPNFE6B,0.18166519713164875
589,6UGSWD8D TO Z56T9MF4,0.18114113495561068
675,9T2T3NWW TO EWDTT8PI,0.1806167556117878
1050,GQPNFE6B TO VM7EP4IA,0.18024816318943104
910,2017_7 TO AMDVNRNA,0.17984783893575962
455,ABX4R7K5 TO SFF232HX,0.17955398552402158
173,2017_5 TO GPBS8H6W,0.17947950959176018
662,56QUJEMP TO 5G8U33QZ,0.17828989126835393
1039,2017_7 TO VM7EP4IA,0.17718789905095433
251,KF3CZPHV TO MXXBE2S3,0.17702471495204952
60,6UGSWD8D TO T4S3K5ZT,0.17678731165371653
518,2017_11 TO GQPNFE6B,0.17638659422894598
47,4IR7FP3G TO 56QUJEMP,0.17618034773238356
591,6UGSWD8D TO GQPNFE6B,0.17604674481168103
168,9T2T3NWW TO GPBS8H6W,0.17591475579073335
510,2017_11 TO DW9W8Z9I,0.175491318231646
338,AMDVNRNA TO FQVMU8GU,0.1742956775196688
196,2017_11 TO UQ4WC79E,0.1742792458096485
426,AFWXF8CH TO T9IJMSRB,0.17407468932703885
1221,GQPNFE6B TO XSJ9KCBQ,0.17339029068374778
184,GPBS8H6W TO Z56T9MF4,0.1731905300098302
149,AFWXF8CH TO GPBS8H6W,0.17291735045941892
52,MXXBE2S3 TO T4S3K5ZT,0.17198425771660664
142,4C8T6PTV TO 56QUJEMP,0.17182735162830887
82,2017_7 TO T4S3K5ZT,0.17173408658424005
170,GPBS8H6W TO VM7EP4IA,0.17170863412892245
512,2017_1 TO 2017_11,0.17162691062518343
646,5G8U33QZ TO T8P7HT8E,0.17140493643631105
492,2017_11 TO F96H6I58,0.17041438035445133
50,GPBS8H6W TO T4S3K5ZT,0.17037828493320262
975,356QDHJ7 TO T9IJMSRB,0.17009075200403212
113,4C8T6PTV TO CDAJEXM8,0.1697457906627896
1015,2017_8 TO VM7EP4IA,0.16907034355965667
539,2017_10 TO VM7EP4IA,0.16793013813086732
253,AMDVNRNA TO MXXBE2S3,0.1677671179824689
79,T4S3K5ZT TO T8P7HT8E,0.16772302851470777
325,2017_11 TO FQVMU8GU,0.16726063497039845
657,5G8U33QZ TO SMZ5P2JC,0.1669009435616926
515,2017_11 TO SMZ5P2JC,0.16488197775848545
793,AMDVNRNA TO F96H6I58,0.16479116130785254
514,2017_11 TO GCGB74CJ,0.16472200283619443
507,2017_11 TO 2017_7,0.16436542792673225
682,2017_7 TO EWDTT8PI,0.16261687484513554
1220,56QUJEMP TO GQPNFE6B,0.16144380469459574
945,GQPNFE6B TO HTFNIQDD,0.16076627998087956
159,CDAJEXM8 TO GPBS8H6W,0.16038924071275074
700,F5SXURFA TO SFF232HX,0.1600651946953463
1054,T8P7HT8E TO T9IJMSRB,0.15999913989612125
517,2017_11 TO QVXBKCSS,0.15704302893447153
335,FQVMU8GU TO SFF232HX,0.15645245570730504
144,GPBS8H6W TO UQ4WC79E,0.1564081903856046
169,2017_8 TO GPBS8H6W,0.1557577043117192
203,J7SB3TH5 TO UQ4WC79E,0.15530125844609266
244,5G8U33QZ TO MXXBE2S3,0.15422442771058376
182,GCGB74CJ TO GPBS8H6W,0.15398691325224623
198,6UGSWD8D TO UQ4WC79E,0.15395197381680792
445,2017_11 TO ABX4R7K5,0.1538815907329777
485,2017_11 TO 6UGSWD8D,0.15293612463051898
526,2017_10 TO F5SXURFA,0.15288856507684256
489,2017_11 TO F5SXURFA,0.15244867709144005
903,9T2T3NWW TO AMDVNRNA,0.15226125310918603
679,EWDTT8PI TO T8P7HT8E,0.15197211692906631
520,2017_11 TO 56QUJEMP,0.1509012109995984
634,5G8U33QZ TO F96H6I58,0.15057824086837368
124,4C8T6PTV TO VM7EP4IA,0.14849264186902744
881,NINP5I8I TO T9IJMSRB,0.14844874502279526
1127,2017_7 TO SMZ5P2JC,0.14829611641667406
516,2017_11 TO Z56T9MF4,0.14806490276426798
114,4C8T6PTV TO F96H6I58,0.14803607376048178
147,FQVMU8GU TO GPBS8H6W,0.14764560010974004
71,AMDVNRNA TO T4S3K5ZT,0.1475568359193682
867,KF3CZPHV TO SMZ5P2JC,0.14678116931898777
28,2017_8 TO 4IR7FP3G,0.14612077818734415
188,56QUJEMP TO GPBS8H6W,0.1454540612545966
0,4IR7FP3G TO T4S3K5ZT,0.14507781315488533
669,EWDTT8PI TO KF3CZPHV,0.14476148740329275
820,NINP5I8I TO SFF232HX,0.14457742615673597
156,EWDTT8PI TO GPBS8H6W,0.1445396760485167
664,EWDTT8PI TO F5SXURFA,0.1440309218369148
123,2017_8 TO 4C8T6PTV,0.14370288719733326
631,5G8U33QZ TO F5SXURFA,0.14295897919511436
839,GCGB74CJ TO SFF232HX,0.14222555786717117
656,5G8U33QZ TO GCGB74CJ,0.14194503924209745
171,GPBS8H6W TO T9IJMSRB,0.14137001090521006
145,GPBS8H6W TO MXXBE2S3,0.13918530803904816
637,5G8U33QZ TO NINP5I8I,0.139046289213697
107,4C8T6PTV TO 6UGSWD8D,0.13744569762101344
990,356QDHJ7 TO GQPNFE6B,0.13648945317854655
630,5G8U33QZ TO EWDTT8PI,0.13593765812272263
576,6UGSWD8D TO T9IJMSRB,0.13572696766121217
560,5G8U33QZ TO 6UGSWD8D,0.13558112230836838
800,F96H6I58 TO T9IJMSRB,0.13514249080317242
1016,2017_8 TO T9IJMSRB,0.1327975235128771
996,9T2T3NWW TO T9IJMSRB,0.13269871221584184
904,2017_8 TO AMDVNRNA,0.13209770994388004
710,F5SXURFA TO T9IJMSRB,0.13062967299111383
488,2017_11 TO EWDTT8PI,0.12992822761134182
89,GCGB74CJ TO T4S3K5ZT,0.1256522011952088
638,5G8U33QZ TO AMDVNRNA,0.12451751831183511
828,SFF232HX TO T9IJMSRB,0.12375832412967014
111,4C8T6PTV TO F5SXURFA,0.12188898578356866
906,AMDVNRNA TO T9IJMSRB,0.12060093051285725
51,T4S3K5ZT TO UQ4WC79E,0.12031362562885284
118,4C8T6PTV TO AMDVNRNA,0.11948925472165084
101,4C8T6PTV TO FQVMU8GU,0.11805569750874445
1070,56QUJEMP TO T9IJMSRB,0.11718636966355123
175,2017_7 TO GPBS8H6W,0.1168420541692059
832,2017_7 TO SFF232HX,0.11601030515793176
346,FQVMU8GU TO T8P7HT8E,0.1137358968269101
1066,T9IJMSRB TO Z56T9MF4,0.11357088676222171
93,GQPNFE6B TO T4S3K5ZT,0.11297654134637802
508,2017_11 TO 2017_6,0.11281652515588725
136,4C8T6PTV TO GCGB74CJ,0.11216543156743919
645,5G8U33QZ TO T9IJMSRB,0.11189702688683201
58,2017_11 TO T4S3K5ZT,0.11180902930684167
160,F96H6I58 TO GPBS8H6W,0.11057455660824389
502,2017_11 TO VM7EP4IA,0.10933110727281647
63,EWDTT8PI TO T4S3K5ZT,0.1085498738103049
505,2017_11 TO 2017_5,0.10839438277084235
1211,GQPNFE6B TO Z56T9MF4,0.10482687215984399
153,6UGSWD8D TO GPBS8H6W,0.10200309457275836
703,AMDVNRNA TO F5SXURFA,0.10023434702928147
157,F5SXURFA TO GPBS8H6W,0.0987686078020018
200,5G8U33QZ TO UQ4WC79E,0.09087826486617834
186,GPBS8H6W TO GQPNFE6B,0.09077697670249174
1065,SMZ5P2JC TO T9IJMSRB,0.08170949839556618
98,4C8T6PTV TO UQ4WC79E,0.07467412682375463
78,T4S3K5ZT TO T9IJMSRB,0.057130505818246746
1071,T9IJMSRB TO XSJ9KCBQ,0.05419827162178503
1035,T9IJMSRB TO VM7EP4IA,0.029098027279785166
